{
    "variants":
    {
        "age=0": { "model": "falloutmod:tato_plant_stage_0" },
        "age=1": { "model": "falloutmod:tato_plant_stage_0" },
        "age=2": { "model": "falloutmod:tato_plant_stage_0" },
        "age=3": { "model": "falloutmod:tato_plant_stage_0" },
        "age=4": { "model": "falloutmod:tato_plant_stage_0" },
        "age=5": { "model": "falloutmod:tato_plant_stage_0" },
        "age=6": { "model": "falloutmod:tato_plant_stage_0" },
        "age=7": { "model": "falloutmod:tato_plant_stage_1" }
    
    }



}