{
    "__comment": "Model generated using MrCrayfish's Model Creator (http://mrcrayfish.com/modelcreator/)",
    "parent": "block/block",
    "textures": {
        "0": "falloutmod:blocks/cooking_station"
    },
    "elements": [
        {
            "name": "Cube",
            "from": [ 0.0, 0.0, 0.0 ], 
            "to": [ 16.0, 2.0, 16.0 ], 
            "faces": {
                "north": { "texture": "#0", "uv": [ 0.0, 9.0, 8.0, 10.0 ] },
                "east": { "texture": "#0", "uv": [ 0.0, 12.999999999999996, 8.399999999999999, 13.399999999999999 ] },
                "south": { "texture": "#0", "uv": [ 2.7755575615628914E-17, 8.399999999999999, 7.9999999999999964, 6.599999999999998 ] },
                "west": { "texture": "#0", "uv": [ 0.1, 15.600000000000001, 8.0, 16.0 ] },
                "up": { "texture": "#0", "uv": [ 0.0, 7.0, 8.0, 8.0 ] },
                "down": { "texture": "#0", "uv": [ 0.0, 7.0, 8.0, 8.0 ] }
            }
        }
    ]
}