{
    "__comment": "Model generated using MrCrayfish's Model Creator (http://mrcrayfish.com/modelcreator/)",
    "parent": "block/block",
    "textures": {
        "0": "falloutmod:blocks/kit color"
    },
    "elements": [
        {
            "name": "bottom",
            "from": [ 1.0, 0.0, 3.0 ], 
            "to": [ 15.0, 2.0, 13.0 ], 
            "faces": {
                "north": { "texture": "#0", "uv": [ 0.0, 14.0, 13.0, 16.0 ] },
                "east": { "texture": "#0", "uv": [ 5.0, 0.0, 16.0, 3.0 ] },
                "south": { "texture": "#0", "uv": [ 2.0, 14.0, 16.0, 16.0 ] },
                "west": { "texture": "#0", "uv": [ 6.0, 5.0, 16.0, 7.0 ] },
                "up": { "texture": "#0", "uv": [ 2.0, 4.0, 16.0, 14.0 ] },
                "down": { "texture": "#0", "uv": [ 0.0, 9.0, 10.0, 16.0 ] }
            }
        },
        {
            "name": "Mid",
            "from": [ 1.2000000029802322, 2.0, 3.2000000029802322 ], 
            "to": [ 14.80000002682209, 2.099999986588955, 12.80000002682209 ], 
            "faces": {
                "north": { "texture": "#0", "uv": [ 0.0, 0.0, 13.600000023841858, 0.09999998658895493 ] },
                "east": { "texture": "#0", "uv": [ 0.0, 0.0, 9.600000023841858, 0.09999998658895493 ] },
                "south": { "texture": "#0", "uv": [ 0.0, 0.0, 13.600000023841858, 0.09999998658895493 ] },
                "west": { "texture": "#0", "uv": [ 0.0, 0.0, 9.600000023841858, 0.09999998658895493 ] },
                "up": { "texture": "#0", "uv": [ 5.0, 7.0, 15.600000023841858, 15.600000023841858 ] },
                "down": { "texture": "#0", "uv": [ 0.0, 0.0, 13.600000023841858, 9.600000023841858 ] }
            }
        },
        {
            "name": "Lid",
            "from": [ 1.0, 2.100000001490116, 3.0 ], 
            "to": [ 15.0, 3.100000001490116, 13.0 ], 
            "faces": {
                "north": { "texture": "#0", "uv": [ 6.0, 10.0, 16.0, 11.0 ] },
                "east": { "texture": "#0", "uv": [ 1.0, 10.0, 11.0, 11.0 ] },
                "south": { "texture": "#0", "uv": [ 2.0, 8.0, 16.0, 9.0 ] },
                "west": { "texture": "#0", "uv": [ 1.0, 10.0, 11.0, 11.0 ] },
                "up": { "texture": "#0", "uv": [ 0.0, 0.0, 5.0, 8.0 ], "rotation": 90 },
                "down": { "texture": "#0", "uv": [ 6.0, 6.0, 16.0, 16.0 ] }
            }
        }
    ]
}