{
    "__comment": "Model generated using MrCrayfish's Model Creator (http://mrcrayfish.com/modelcreator/)",
    "textures": {
        "0": "falloutmod:blocks/nuka_logo",
        "1": "falloutmod:blocks/grate"
    },
    "elements": [
        {
            "name": "main",
            "from": [ 0.0, 0.0, 0.0 ], 
            "to": [ 16.0, 40.0, 14.0 ], 
            "faces": {
                "north": { "texture": "#0", "uv": [ 0.0, 0.0, 16.0, 5.0 ] },
                "east": { "texture": "#0", "uv": [ 0.0, 0.0, 16.0, 5.0 ] },
                "south": { "texture": "#0", "uv": [ 0.0, 0.0, 16.0, 5.0 ] },
                "west": { "texture": "#0", "uv": [ 0.0, 0.0, 16.0, 5.0 ] },
                "up": { "texture": "#0", "uv": [ 0.0, 0.0, 16.0, 5.0 ] },
                "down": { "texture": "#0", "uv": [ 0.0, 0.0, 16.0, 5.0 ] }
            }
        },
        {
            "name": "door",
            "from": [ 0.0, 23.0, 14.0 ], 
            "to": [ 16.0, 35.0, 16.0 ], 
            "faces": {
                "north": { "texture": "#0", "uv": [ 0.0, 0.0, 16.0, 12.0 ] },
                "east": { "texture": "#0", "uv": [ 0.0, 0.0, 2.0, 8.0 ] },
                "south": { "texture": "#0", "uv": [ 0.0, 5.0, 16.0, 16.0 ] },
                "west": { "texture": "#0", "uv": [ 0.0, 0.0, 2.0, 8.0 ] },
                "up": { "texture": "#0", "uv": [ 0.0, 0.0, 16.0, 2.0 ] },
                "down": { "texture": "#0", "uv": [ 0.0, 0.0, 16.0, 2.0 ] }
            }
        },
        {
            "name": "door2",
            "from": [ 0.0, 0.0, 14.0 ], 
            "to": [ 16.0, 23.0, 16.0 ], 
            "faces": {
                "north": { "texture": "#0", "uv": [ 0.0, 0.0, 16.0, 5.0 ] },
                "east": { "texture": "#0", "uv": [ 0.0, 0.0, 2.0, 8.0 ] },
                "south": { "texture": "#0", "uv": [ 0.0, 0.0, 16.0, 5.0 ] },
                "west": { "texture": "#0", "uv": [ 0.0, 0.0, 2.0, 8.0 ] },
                "up": { "texture": "#0", "uv": [ 0.0, 0.0, 16.0, 2.0 ] },
                "down": { "texture": "#0", "uv": [ 0.0, 0.0, 16.0, 2.0 ] }
            }
        },
        {
            "name": "door3",
            "from": [ 5.0, 35.0, 14.0 ], 
            "to": [ 11.0, 39.0, 16.0 ], 
            "faces": {
                "north": { "texture": "#1", "uv": [ 0.0, 0.0, 6.0, 4.0 ] },
                "east": { "texture": "#0", "uv": [ 0.0, 0.0, 2.0, 4.0 ] },
                "south": { "texture": "#1", "uv": [ 0.0, 0.0, 6.0, 4.0 ] },
                "west": { "texture": "#0", "uv": [ 0.0, 0.0, 2.0, 4.0 ] },
                "up": { "texture": "#0", "uv": [ 0.0, 0.0, 6.0, 2.0 ] },
                "down": { "texture": "#0", "uv": [ 0.0, 0.0, 6.0, 2.0 ] }
            }
        },
        {
            "name": "line1",
            "from": [ 4.0, 35.0, 14.0 ], 
            "to": [ 5.0, 40.0, 16.0 ], 
            "faces": {
                "north": { "texture": "#0", "uv": [ 0.0, 0.0, 1.0, 5.0 ] },
                "east": { "texture": "#0", "uv": [ 0.0, 0.0, 2.0, 5.0 ] },
                "south": { "texture": "#0", "uv": [ 0.0, 0.0, 1.0, 5.0 ] },
                "west": { "texture": "#0", "uv": [ 0.0, 0.0, 2.0, 5.0 ] },
                "up": { "texture": "#0", "uv": [ 0.0, 0.0, 1.0, 2.0 ] },
                "down": { "texture": "#0", "uv": [ 0.0, 0.0, 1.0, 2.0 ] }
            }
        },
        {
            "name": "line2",
            "from": [ 11.0, 35.0, 14.0 ], 
            "to": [ 12.0, 40.0, 16.0 ], 
            "faces": {
                "north": { "texture": "#0", "uv": [ 0.0, 0.0, 1.0, 5.0 ] },
                "east": { "texture": "#0", "uv": [ 0.0, 0.0, 2.0, 5.0 ] },
                "south": { "texture": "#0", "uv": [ 0.0, 0.0, 1.0, 5.0 ] },
                "west": { "texture": "#0", "uv": [ 0.0, 0.0, 2.0, 5.0 ] },
                "up": { "texture": "#0", "uv": [ 0.0, 0.0, 1.0, 2.0 ] },
                "down": { "texture": "#0", "uv": [ 0.0, 0.0, 1.0, 2.0 ] }
            }
        },
        {
            "name": "line3",
            "from": [ 4.0, 39.0, 14.0 ], 
            "to": [ 12.0, 40.0, 16.0 ], 
            "faces": {
                "north": { "texture": "#0", "uv": [ 0.0, 0.0, 8.0, 1.0 ] },
                "east": { "texture": "#0", "uv": [ 0.0, 0.0, 2.0, 1.0 ] },
                "south": { "texture": "#0", "uv": [ 0.0, 0.0, 8.0, 1.0 ] },
                "west": { "texture": "#0", "uv": [ 0.0, 0.0, 2.0, 1.0 ] },
                "up": { "texture": "#0", "uv": [ 0.0, 0.0, 8.0, 2.0 ] },
                "down": { "texture": "#0", "uv": [ 0.0, 0.0, 8.0, 2.0 ] }
            }
        }
    ]
}