{
	"__comment": "Model generated using MrCrayfish's Model Creator (http://mrcrayfish.com/modelcreator/)",
	"textures": {
		"0": "falloutmod:items/baseball_bat"
	},
	"elements": [ 	 
		{
			"__comment": "Element",
			"from": [ 7, 0, 7 ],
			"to": [ 9, 0.5, 9 ],
			"faces": {
				"down": { "uv": [ 0, 0, 2, 2 ], "texture": "#0" },
				"up": { "uv": [ 0, 0, 2, 2 ], "texture": "#0" },
				"north": { "uv": [ 0, 0, 2, 0.5 ], "texture": "#0" },
				"south": { "uv": [ 0, 0, 2, 0.5 ], "texture": "#0" },
				"west": { "uv": [ 0, 0, 2, 0.5 ], "texture": "#0" },
				"east": { "uv": [ 0, 0, 2, 0.5 ], "texture": "#0" }
			}
		},
		{
			"__comment": "Element",
			"from": [ 7.5, 0, 7.5 ],
			"to": [ 8.5, 4, 8.5 ],
			"faces": {
				"down": { "uv": [ 7, 13, 8, 14 ], "texture": "#0" },
				"up": { "uv": [ 1, 9, 2, 10 ], "texture": "#0" },
				"north": { "uv": [ 7, 10, 8, 14 ], "texture": "#0" },
				"south": { "uv": [ 2, 7, 3, 11 ], "texture": "#0" },
				"west": { "uv": [ 8, 1, 9, 5 ], "texture": "#0" },
				"east": { "uv": [ 6, 8, 7, 12 ], "texture": "#0" }
			}
		},
		{
			"__comment": "Element",
			"from": [ 7, 5, 7 ],
			"to": [ 9, 11, 9 ],
			"faces": {
				"down": { "uv": [ 4, 7, 6, 9 ], "texture": "#0" },
				"up": { "uv": [ 4, 8, 6, 10 ], "texture": "#0" },
				"north": { "uv": [ 0, 0, 2, 6 ], "texture": "#0" },
				"south": { "uv": [ 2, 9, 4, 15 ], "texture": "#0" },
				"west": { "uv": [ 4, 7, 6, 13 ], "texture": "#0" },
				"east": { "uv": [ 4, 1, 6, 7 ], "texture": "#0" }
			}
		},
		{
			"__comment": "Element",
			"from": [ 7.1, 11, 7.1 ],
			"to": [ 8.9, 11.5, 8.9 ],
			"faces": {
				"down": { "uv": [ 6, 2, 7.8, 3.8 ], "texture": "#0" },
				"up": { "uv": [ 1, 8, 2.8, 9.8 ], "texture": "#0" },
				"north": { "uv": [ 1, 5, 2.8, 5.5 ], "texture": "#0" },
				"south": { "uv": [ 9, 1, 10.8, 1.5 ], "texture": "#0" },
				"west": { "uv": [ 5, 15, 6.8, 15.5 ], "texture": "#0" },
				"east": { "uv": [ 4, 6, 5.8, 6.5 ], "texture": "#0" }
			}
		},
		{
			"__comment": "Element",
			"from": [ 7.4, 0.5, 7.4 ],
			"to": [ 8.6, 4, 8.6 ],
			"faces": {
				"down": { "uv": [ 13, 9, 13.2, 9.2 ], "texture": "#0" },
				"up": { "uv": [ 13, 11, 13.2, 11.2 ], "texture": "#0" },
				"north": { "uv": [ 12, 8, 16, 16 ], "texture": "#0" },
				"south": { "uv": [ 12, 8, 16, 16 ], "texture": "#0" },
				"west": { "uv": [ 12, 8, 16, 16 ], "texture": "#0" },
				"east": { "uv": [ 12, 8, 16, 16 ], "texture": "#0" }
			}
		},
		{
			"__comment": "Element",
			"from": [ 7.1, 4, 7.1 ],
			"to": [ 8.9, 5, 8.9 ],
			"faces": {
				"down": { "uv": [ 6, 2, 7.8, 3.8 ], "texture": "#0" },
				"up": { "uv": [ 1, 8, 2.8, 9.8 ], "texture": "#0" },
				"north": { "uv": [ 1, 5, 2.8, 6 ], "texture": "#0" },
				"south": { "uv": [ 9, 1, 10.8, 2 ], "texture": "#0" },
				"west": { "uv": [ 5, 15, 6.8, 16 ], "texture": "#0" },
				"east": { "uv": [ 4, 6, 5.8, 7 ], "texture": "#0" }
			}
		}
	],
	"display": {
		"thirdperson_righthand": {
			"translation":  [ 0, 6, 0.5 ],
			"scale":  [ 1.5, 1.5, 1.5 ]
		},
		"thirdperson_lefthand": {
			"translation":  [ 0, 6, 0.5 ],
			"scale":  [ 1.5, 1.5, 1.5 ]
		},
		"firstperson_righthand": {
			"rotation":  [ 0, 0, -15 ],
			"translation":  [ 0, 5, 0 ]
		},
		"firstperson_lefthand": {
			"rotation":  [ 0, 0, -15 ],
			"translation":  [ 0, 6, 0.5 ]
		},
		"gui": {
			"rotation":  [ 90, -135, 45 ],
			"translation":  [ 2, 2, 6 ],
			"scale":  [ 1.5, 1.5, 1.5 ]
		},
		"fixed": {
			"rotation":  [ 0, 0, 45 ],
			"translation":  [ -3, 3, 0 ],
			"scale":  [ 1.5, 1.5, 1.5 ]
		}
	}
}