{
    "__comment": "Model generated using MrCrayfish's Model Creator (http://mrcrayfish.com/modelcreator/)",
    "textures": {
        "0": "blocks/concrete_brown",
        "1": "blocks/stone"
    },
    "elements": [
        {
            "name": "Cube",
            "from": [ 14.0, 7.0, 7.0 ], 
            "to": [ 18.0, 9.0, 9.0 ], 
            "rotation": { "origin": [ 8.0, 8.0, 8.0 ], "axis": "z", "angle": -45.0, "rescale": true },
            "faces": {
                "north": { "texture": "#0", "uv": [ 0.0, 0.0, 4.0, 2.0 ] },
                "east": { "texture": "#0", "uv": [ 0.0, 0.0, 2.0, 2.0 ] },
                "south": { "texture": "#0", "uv": [ 0.0, 0.0, 4.0, 2.0 ] },
                "west": { "texture": "#0", "uv": [ 0.0, 0.0, 2.0, 2.0 ] },
                "up": { "texture": "#0", "uv": [ 0.0, 0.0, 4.0, 2.0 ] },
                "down": { "texture": "#0", "uv": [ 0.0, 0.0, 4.0, 2.0 ] }
            }
        },
        {
            "name": "Cube",
            "from": [ 14.600000008940697, 0.5000000074505806, 7.200000002980232 ], 
            "to": [ 15.300000004470348, 1.5000000074505806, 8.800000011920929 ], 
            "faces": {
                "north": { "texture": "#1", "uv": [ 0.0, 0.0, 0.6999999955296516, 1.0 ] },
                "east": { "texture": "#1", "uv": [ 0.0, 0.0, 1.6000000089406967, 1.0 ] },
                "south": { "texture": "#1", "uv": [ 0.0, 0.0, 0.6999999955296516, 1.0 ] },
                "west": { "texture": "#1", "uv": [ 0.0, 0.0, 1.6000000089406967, 1.0 ] },
                "up": { "texture": "#1", "uv": [ 0.0, 0.0, 0.6999999955296516, 1.6000000089406967 ] },
                "down": { "texture": "#1", "uv": [ 0.0, 0.0, 0.6999999955296516, 1.6000000089406967 ] }
            }
        },
        {
            "name": "Cube",
            "from": [ 4.0, 3.0, 6.699999995529652 ], 
            "to": [ 13.0, 6.0, 9.300000004470348 ], 
            "faces": {
                "north": { "texture": "#1", "uv": [ 0.0, 0.0, 9.0, 3.0 ] },
                "east": { "texture": "#1", "uv": [ 0.0, 0.0, 2.6000000089406967, 3.0 ] },
                "south": { "texture": "#1", "uv": [ 0.0, 0.0, 9.0, 3.0 ] },
                "west": { "texture": "#1", "uv": [ 2.0, 2.0, 4.600000008940697, 5.0 ] },
                "up": { "texture": "#1", "uv": [ 0.0, 0.0, 9.0, 2.6000000089406967 ] },
                "down": { "texture": "#1", "uv": [ 0.0, 0.0, 9.0, 2.6000000089406967 ] }
            }
        },
        {
            "name": "Cube",
            "from": [ 15.0, 0.6000000089406967, 7.200000002980232 ], 
            "to": [ 15.49999999254942, 1.4000000059604645, 8.800000011920929 ], 
            "faces": {
                "north": { "texture": "#1", "uv": [ 0.0, 0.0, 0.4999999925494194, 0.7999999970197678 ] },
                "east": { "texture": "#1", "uv": [ 0.0, 0.0, 1.6000000089406967, 0.7999999970197678 ] },
                "south": { "texture": "#1", "uv": [ 0.0, 0.0, 0.4999999925494194, 0.7999999970197678 ] },
                "west": { "texture": "#1", "uv": [ 0.0, 0.0, 1.6000000089406967, 0.7999999970197678 ] },
                "up": { "texture": "#1", "uv": [ 0.0, 0.0, 0.4999999925494194, 1.6000000089406967 ] },
                "down": { "texture": "#1", "uv": [ 0.0, 0.0, 0.4999999925494194, 1.6000000089406967 ] }
            }
        },
        {
            "name": "Cube",
            "from": [ 2.999999985098839, 2.499999977648258, 7.499999992549419 ], 
            "to": [ 4.999999985098839, 5.799999982118607, 8.499999977648258 ], 
            "shade": false,
            "faces": {
                "north": { "texture": "#1", "uv": [ 0.0, 0.0, 2.0, 3.3000000044703484 ] },
                "east": { "texture": "#1", "uv": [ 0.0, 0.0, 0.9999999850988388, 3.3000000044703484 ] },
                "south": { "texture": "#1", "uv": [ 0.0, 0.0, 2.0, 3.3000000044703484 ] },
                "west": { "texture": "#1", "uv": [ 8.0, 7.0, 8.999999985098839, 13.300000004470348 ] },
                "up": { "texture": "#1", "uv": [ 0.0, 0.0, 2.0, 0.9999999850988388 ] },
                "down": { "texture": "#1", "uv": [ 0.0, 0.0, 2.0, 0.9999999850988388 ] }
            }
        },
        {
            "name": "Cube",
            "from": [ 3.0, 2.900000013411045, 8.50000000745058 ], 
            "to": [ 5.0, 5.80000002682209, 9.0 ], 
            "faces": {
                "north": { "texture": "#1", "uv": [ 0.0, 0.0, 2.0, 2.900000013411045 ] },
                "east": { "texture": "#1", "uv": [ 0.0, 0.0, 0.4999999925494194, 2.900000013411045 ] },
                "south": { "texture": "#1", "uv": [ 0.0, 0.0, 2.0, 2.900000013411045 ] },
                "west": { "texture": "#1", "uv": [ 4.0, 2.0, 4.499999992549419, 4.900000013411045 ] },
                "up": { "texture": "#1", "uv": [ 0.0, 0.0, 2.0, 0.4999999925494194 ] },
                "down": { "texture": "#1", "uv": [ 0.0, 0.0, 2.0, 0.4999999925494194 ] }
            }
        },
        {
            "name": "Cube",
            "from": [ 3.0, 2.900000013411045, 7.000000014901161 ], 
            "to": [ 5.0, 5.80000002682209, 7.500000007450581 ], 
            "faces": {
                "north": { "texture": "#1", "uv": [ 0.0, 0.0, 2.0, 2.900000013411045 ] },
                "east": { "texture": "#1", "uv": [ 0.0, 0.0, 0.4999999925494194, 2.900000013411045 ] },
                "south": { "texture": "#1", "uv": [ 0.0, 0.0, 2.0, 2.900000013411045 ] },
                "west": { "texture": "#1", "uv": [ 3.0, 2.0, 3.4999999925494194, 4.900000013411045 ] },
                "up": { "texture": "#1", "uv": [ 0.0, 0.0, 2.0, 0.4999999925494194 ] },
                "down": { "texture": "#1", "uv": [ 0.0, 0.0, 2.0, 0.4999999925494194 ] }
            }
        },
        {
            "name": "Cube",
            "from": [ 4.500000007450581, 2.4000000059604645, 6.499999992549419 ], 
            "to": [ 9.50000000745058, 6.000000014901161, 9.49999999254942 ], 
            "faces": {
                "north": { "texture": "#1", "uv": [ 0.0, 0.0, 5.0, 3.6000000089406967 ] },
                "east": { "texture": "#1", "uv": [ 0.0, 0.0, 3.0, 3.6000000089406967 ] },
                "south": { "texture": "#1", "uv": [ 0.0, 0.0, 5.0, 3.6000000089406967 ] },
                "west": { "texture": "#1", "uv": [ 0.0, 0.0, 3.0, 3.6000000089406967 ] },
                "up": { "texture": "#1", "uv": [ 0.0, 0.0, 5.0, 3.0 ] },
                "down": { "texture": "#1", "uv": [ 0.0, 0.0, 5.0, 3.0 ] }
            }
        }
    ]
}