{
    "__comment": "Model generated using MrCrayfish's Model Creator (http://mrcrayfish.com/modelcreator/)",
    "textures": {
        "0": "falloutmod:items/item_cig"
    },
    "elements": [
        {
            "name": "cig",
            "from": [ 7.0, 3.0, 3.0 ], 
            "to": [ 8.0, 4.0, 11.0 ], 
            "faces": {
                "north": { "texture": "#0", "uv": [ 13.0, 0.0, 15.0, 2.0 ] },
                "east": { "texture": "#0", "uv": [ 0.0, 0.0, 16.0, 2.0 ] },
                "south": { "texture": "#0", "uv": [ 14.0, 14.0, 16.0, 16.0 ] },
                "west": { "texture": "#0", "uv": [ 0.0, 0.0, 16.0, 2.0 ], "rotation": 180 },
                "up": { "texture": "#0", "uv": [ 0.0, 0.0, 16.0, 2.0 ], "rotation": 270 },
                "down": { "texture": "#0", "uv": [ 0.0, 0.0, 16.0, 2.0 ], "rotation": 90 }
            }          
        }
    ],
    "display": {
        "thirdperson_righthand": {
            "rotation": [ 320, 180, 180 ],
            "translation": [ -0.5, -3, 0 ],
            "scale": [ 0.5, 0.5, 0.5 ]
        },
        "thirdperson_lefthand": {
            "rotation": [ 320, 180, 180 ],
            "translation": [ -1, -3, 0 ],
            "scale": [ 0.5, 0.5, 0.5 ]
        },
        "firstperson_righthand": {
            "rotation": [ 90, 0, 90 ],
            "translation": [ 0, 0, -1 ],
            "scale": [ 0.5, 0.5, 0.5 ]
        },
        "firstperson_lefthand": {
            "rotation": [ 90, 0, 90 ],
            "translation": [ 0, 0, -1 ],
            "scale": [ 0.5, 0.5, 0.5 ]
        },
        "gui": {
            "rotation": [ 90, -135, 45 ],
            "translation": [ 3.5, 4, 6 ],
            "scale": [ 1.8, 1.8, 1.8 ]
        },       
        "fixed": {
            "rotation": [ 90, 135, 45 ],
            "translation": [ 4.5, -2, 6 ],
            "scale": [ 1.8, 1.8, 1.8 ]
        }
    }
}