{
    "__comment": "Designed by Its_MMini with Cubik Studio - https://cubik.studio",
    "textures": {
        "voxels_atlas": "falloutmod:items/models/item_lead"
    },
    "elements": [    
        {
            "__comment": "Voxels",
            "from": [ 8, 0, 0.5 ],
            "to": [ 13, 0.25, 2 ],
            "faces": {
                "down": { "uv": [ 11.5, 15.625, 12.75, 16 ], "texture": "#voxels_atlas" },
                "up": { "uv": [ 10.25, 16, 11.5, 15.625 ], "texture": "#voxels_atlas" },
                "north": { "uv": [ 14, 15.625, 12.75, 15.6875 ], "texture": "#voxels_atlas" },
                "south": { "uv": [ 12.75, 15.6875, 14, 15.75 ], "texture": "#voxels_atlas" },
                "west": { "uv": [ 1.71875, 8.09375, 2.09375, 8.15625 ], "texture": "#voxels_atlas" },
                "east": { "uv": [ 2.09375, 8.15625, 1.71875, 8.21875 ], "texture": "#voxels_atlas" }
            }
        },
        {
            "__comment": "Voxels",
            "from": [ 8, 0, 2 ],
            "to": [ 9.625, 0.25, 14.5 ],
            "faces": {
                "down": { "uv": [ 9.84375, 12.875, 10.25, 16 ], "texture": "#voxels_atlas" },
                "up": { "uv": [ 9.28125, 13.1875, 9.6875, 10.0625 ], "texture": "#voxels_atlas" },
                "north": { "uv": [ 1.59375, 8.03125, 1.1875, 8.09375 ], "texture": "#voxels_atlas" },
                "south": { "uv": [ 1.71875, 8.21875, 2.125, 8.28125 ], "texture": "#voxels_atlas" },
                "west": { "uv": [ 12.75, 15.875, 15.875, 15.9375 ], "texture": "#voxels_atlas" },
                "east": { "uv": [ 15.875, 15.9375, 12.75, 16 ], "texture": "#voxels_atlas" }
            }
        },
        {
            "__comment": "Voxels",
            "from": [ 8.125, 0.25, 0.625 ],
            "to": [ 12.875, 0.375, 14.375 ],
            "faces": {
                "down": { "uv": [ 0, 12.5625, 1.1875, 16 ], "texture": "#voxels_atlas" },
                "up": { "uv": [ 0, 12.5625, 1.1875, 9.125 ], "texture": "#voxels_atlas" },
                "north": { "uv": [ 14.875, 15.59375, 13.6875, 15.625 ], "texture": "#voxels_atlas" },
                "south": { "uv": [ 13.6875, 15.5625, 14.875, 15.59375 ], "texture": "#voxels_atlas" },
                "west": { "uv": [ 10.25, 15.5625, 13.6875, 15.59375 ], "texture": "#voxels_atlas" },
                "east": { "uv": [ 13.6875, 15.59375, 10.25, 15.625 ], "texture": "#voxels_atlas" }
            }
        },
        {
            "__comment": "Voxels",
            "from": [ 8.25, 0.375, 0.75 ],
            "to": [ 12.75, 0.5, 14.25 ],
            "faces": {
                "down": { "uv": [ 1.1875, 12.625, 2.3125, 16 ], "texture": "#voxels_atlas" },
                "up": { "uv": [ 1.1875, 12.625, 2.3125, 9.25 ], "texture": "#voxels_atlas" },
                "north": { "uv": [ 16, 15.5625, 14.875, 15.59375 ], "texture": "#voxels_atlas" },
                "south": { "uv": [ 14.875, 15.59375, 16, 15.625 ], "texture": "#voxels_atlas" },
                "west": { "uv": [ 10.25, 15.5, 13.625, 15.53125 ], "texture": "#voxels_atlas" },
                "east": { "uv": [ 13.625, 15.53125, 10.25, 15.5625 ], "texture": "#voxels_atlas" }
            }
        },
        {
            "__comment": "Voxels",
            "from": [ 8.375, 0.5, 0.875 ],
            "to": [ 12.625, 0.625, 14.125 ],
            "faces": {
                "down": { "uv": [ 2.3125, 12.6875, 3.375, 16 ], "texture": "#voxels_atlas" },
                "up": { "uv": [ 2.3125, 12.6875, 3.375, 9.375 ], "texture": "#voxels_atlas" },
                "north": { "uv": [ 15.96875, 15.8125, 14.90625, 15.84375 ], "texture": "#voxels_atlas" },
                "south": { "uv": [ 14.90625, 15.84375, 15.96875, 15.875 ], "texture": "#voxels_atlas" },
                "west": { "uv": [ 10.25, 15.4375, 13.5625, 15.46875 ], "texture": "#voxels_atlas" },
                "east": { "uv": [ 13.5625, 15.46875, 10.25, 15.5 ], "texture": "#voxels_atlas" }
            }
        },
        {
            "__comment": "Voxels",
            "from": [ 8.5, 0.625, 1 ],
            "to": [ 12.5, 0.75, 14 ],
            "faces": {
                "down": { "uv": [ 3.375, 9.5, 4.375, 12.75 ], "texture": "#voxels_atlas" },
                "up": { "uv": [ 3.375, 16, 4.375, 12.75 ], "texture": "#voxels_atlas" },
                "north": { "uv": [ 4.375, 9.3125, 3.375, 9.34375 ], "texture": "#voxels_atlas" },
                "south": { "uv": [ 3.375, 9.34375, 4.375, 9.375 ], "texture": "#voxels_atlas" },
                "west": { "uv": [ 10.25, 15.40625, 13.5, 15.4375 ], "texture": "#voxels_atlas" },
                "east": { "uv": [ 13.5, 15.375, 10.25, 15.40625 ], "texture": "#voxels_atlas" }
            }
        },
        {
            "__comment": "Voxels",
            "from": [ 8.625, 0.75, 1.125 ],
            "to": [ 12.375, 0.875, 13.875 ],
            "faces": {
                "down": { "uv": [ 4.375, 12.8125, 5.3125, 16 ], "texture": "#voxels_atlas" },
                "up": { "uv": [ 4.375, 12.8125, 5.3125, 9.625 ], "texture": "#voxels_atlas" },
                "north": { "uv": [ 4.3125, 9.125, 3.375, 9.15625 ], "texture": "#voxels_atlas" },
                "south": { "uv": [ 3.375, 9.15625, 4.3125, 9.1875 ], "texture": "#voxels_atlas" },
                "west": { "uv": [ 10.25, 15.34375, 13.4375, 15.375 ], "texture": "#voxels_atlas" },
                "east": { "uv": [ 13.4375, 15.3125, 10.25, 15.34375 ], "texture": "#voxels_atlas" }
            }
        },
        {
            "__comment": "Voxels",
            "from": [ 8.75, 0.875, 1.25 ],
            "to": [ 12.25, 1, 13.75 ],
            "faces": {
                "down": { "uv": [ 5.3125, 9.75, 6.1875, 12.875 ], "texture": "#voxels_atlas" },
                "up": { "uv": [ 5.3125, 16, 6.1875, 12.875 ], "texture": "#voxels_atlas" },
                "north": { "uv": [ 4.25, 9.0625, 3.375, 9.09375 ], "texture": "#voxels_atlas" },
                "south": { "uv": [ 3.375, 9.09375, 4.25, 9.125 ], "texture": "#voxels_atlas" },
                "west": { "uv": [ 10.25, 15.28125, 13.375, 15.3125 ], "texture": "#voxels_atlas" },
                "east": { "uv": [ 13.375, 15.25, 10.25, 15.28125 ], "texture": "#voxels_atlas" }
            }
        },
        {
            "__comment": "Voxels",
            "from": [ 8.875, 1, 1.375 ],
            "to": [ 12.125, 1.125, 13.625 ],
            "faces": {
                "down": { "uv": [ 6.1875, 9.875, 7, 12.9375 ], "texture": "#voxels_atlas" },
                "up": { "uv": [ 6.1875, 16, 7, 12.9375 ], "texture": "#voxels_atlas" },
                "north": { "uv": [ 4.1875, 8.96875, 3.375, 9 ], "texture": "#voxels_atlas" },
                "south": { "uv": [ 3.375, 9, 4.1875, 9.03125 ], "texture": "#voxels_atlas" },
                "west": { "uv": [ 10.25, 15.1875, 13.3125, 15.21875 ], "texture": "#voxels_atlas" },
                "east": { "uv": [ 13.3125, 15.21875, 10.25, 15.25 ], "texture": "#voxels_atlas" }
            }
        },
        {
            "__comment": "Voxels",
            "from": [ 9, 1.125, 1.5 ],
            "to": [ 12, 1.25, 13.5 ],
            "faces": {
                "down": { "uv": [ 7, 10, 7.75, 13 ], "texture": "#voxels_atlas" },
                "up": { "uv": [ 7, 16, 7.75, 13 ], "texture": "#voxels_atlas" },
                "north": { "uv": [ 4.125, 8.9375, 3.375, 8.96875 ], "texture": "#voxels_atlas" },
                "south": { "uv": [ 3.375, 8.90625, 4.125, 8.9375 ], "texture": "#voxels_atlas" },
                "west": { "uv": [ 10.25, 15.125, 13.25, 15.15625 ], "texture": "#voxels_atlas" },
                "east": { "uv": [ 13.25, 15.15625, 10.25, 15.1875 ], "texture": "#voxels_atlas" }
            }
        },
        {
            "__comment": "Voxels",
            "from": [ 9.125, 1.25, 1.625 ],
            "to": [ 11.875, 1.375, 13.375 ],
            "faces": {
                "down": { "uv": [ 7.75, 13.0625, 8.4375, 16 ], "texture": "#voxels_atlas" },
                "up": { "uv": [ 7.75, 13.0625, 8.4375, 10.125 ], "texture": "#voxels_atlas" },
                "north": { "uv": [ 4.0625, 8.84375, 3.375, 8.875 ], "texture": "#voxels_atlas" },
                "south": { "uv": [ 3.375, 8.875, 4.0625, 8.90625 ], "texture": "#voxels_atlas" },
                "west": { "uv": [ 10.25, 15.0625, 13.1875, 15.09375 ], "texture": "#voxels_atlas" },
                "east": { "uv": [ 13.1875, 15.09375, 10.25, 15.125 ], "texture": "#voxels_atlas" }
            }
        },
        {
            "__comment": "Voxels",
            "from": [ 9.25, 1.375, 1.75 ],
            "to": [ 11.75, 1.5, 2 ],
            "faces": {
                "down": { "uv": [ 3.375, 9.4375, 4, 9.5 ], "texture": "#voxels_atlas" },
                "up": { "uv": [ 3.375, 9.4375, 4, 9.375 ], "texture": "#voxels_atlas" },
                "north": { "uv": [ 4, 8.8125, 3.375, 8.84375 ], "texture": "#voxels_atlas" },
                "south": { "uv": [ 3.375, 8.78125, 4, 8.8125 ], "texture": "#voxels_atlas" },
                "west": { "uv": [ 1.125, 9.0625, 1.1875, 9.09375 ], "texture": "#voxels_atlas" },
                "east": { "uv": [ 1.1875, 9.09375, 1.125, 9.125 ], "texture": "#voxels_atlas" }
            }
        },
        {
            "__comment": "Voxels",
            "from": [ 9.25, 1.375, 2 ],
            "to": [ 9.625, 1.5, 13.25 ],
            "faces": {
                "down": { "uv": [ 9.09375, 8.875, 9.1875, 11.6875 ], "texture": "#voxels_atlas" },
                "up": { "uv": [ 9, 11.6875, 9.09375, 8.875 ], "texture": "#voxels_atlas" },
                "north": { "uv": [ 1.03125, 9.0625, 0.9375, 9.09375 ], "texture": "#voxels_atlas" },
                "south": { "uv": [ 0.9375, 9.09375, 1.03125, 9.125 ], "texture": "#voxels_atlas" },
                "west": { "uv": [ 13.1875, 15.09375, 16, 15.125 ], "texture": "#voxels_atlas" },
                "east": { "uv": [ 16, 15.0625, 13.1875, 15.09375 ], "texture": "#voxels_atlas" }
            }
        },
        {
            "__comment": "Voxels",
            "from": [ 9.375, 1.5, 1.875 ],
            "to": [ 11.625, 1.625, 13.125 ],
            "faces": {
                "down": { "uv": [ 9.28125, 13.1875, 9.84375, 16 ], "texture": "#voxels_atlas" },
                "up": { "uv": [ 8.4375, 11.6875, 9, 8.875 ], "texture": "#voxels_atlas" },
                "north": { "uv": [ 3.9375, 8.71875, 3.375, 8.75 ], "texture": "#voxels_atlas" },
                "south": { "uv": [ 3.375, 8.75, 3.9375, 8.78125 ], "texture": "#voxels_atlas" },
                "west": { "uv": [ 10.25, 15.03125, 13.0625, 15.0625 ], "texture": "#voxels_atlas" },
                "east": { "uv": [ 15.875, 15.03125, 13.0625, 15.0625 ], "texture": "#voxels_atlas" }
            }
        },
        {
            "__comment": "Voxels",
            "from": [ 9.625, 0, 5.875 ],
            "to": [ 13, 0.25, 14.5 ],
            "faces": {
                "down": { "uv": [ 8.4375, 11.6875, 9.28125, 13.84375 ], "texture": "#voxels_atlas" },
                "up": { "uv": [ 8.4375, 16, 9.28125, 13.84375 ], "texture": "#voxels_atlas" },
                "north": { "uv": [ 0.84375, 8.03125, 0, 8.09375 ], "texture": "#voxels_atlas" },
                "south": { "uv": [ 0, 8.09375, 0.84375, 8.15625 ], "texture": "#voxels_atlas" },
                "west": { "uv": [ 12.75, 15.75, 14.90625, 15.8125 ], "texture": "#voxels_atlas" },
                "east": { "uv": [ 14.90625, 15.8125, 12.75, 15.875 ], "texture": "#voxels_atlas" }
            }
        },
        {
            "__comment": "Voxels",
            "from": [ 9.625, 0.125, 2 ],
            "to": [ 13, 0.25, 5.875 ],
            "faces": {
                "down": { "uv": [ 1.1875, 8.28125, 2.03125, 9.25 ], "texture": "#voxels_atlas" },
                "up": { "uv": [ 0, 9.125, 0.84375, 8.15625 ], "texture": "#voxels_atlas" },
                "north": { "uv": [ 4.21875, 9.03125, 3.375, 9.0625 ], "texture": "#voxels_atlas" },
                "south": { "uv": [ 0, 8, 0.84375, 8.03125 ], "texture": "#voxels_atlas" },
                "west": { "uv": [ 3.375, 9.28125, 4.34375, 9.3125 ], "texture": "#voxels_atlas" },
                "east": { "uv": [ 4.34375, 9.25, 3.375, 9.28125 ], "texture": "#voxels_atlas" }
            }
        },
        {
            "__comment": "Voxels",
            "from": [ 9.625, 1.375, 12.875 ],
            "to": [ 11.75, 1.5, 13.25 ],
            "faces": {
                "down": { "uv": [ 1.1875, 8.1875, 1.71875, 8.28125 ], "texture": "#voxels_atlas" },
                "up": { "uv": [ 1.1875, 8.1875, 1.71875, 8.09375 ], "texture": "#voxels_atlas" },
                "north": { "uv": [ 2.84375, 8.28125, 2.3125, 8.3125 ], "texture": "#voxels_atlas" },
                "south": { "uv": [ 2.3125, 8.3125, 2.84375, 8.34375 ], "texture": "#voxels_atlas" },
                "west": { "uv": [ 0.84375, 9.09375, 0.9375, 9.125 ], "texture": "#voxels_atlas" },
                "east": { "uv": [ 1.125, 9.0625, 1.03125, 9.09375 ], "texture": "#voxels_atlas" }
            }
        },
        {
            "__comment": "Voxels",
            "from": [ 10.875, 0, 2 ],
            "to": [ 13, 0.125, 5.875 ],
            "faces": {
                "down": { "uv": [ 2.3125, 8.40625, 2.84375, 9.375 ], "texture": "#voxels_atlas" },
                "up": { "uv": [ 2.84375, 9.375, 3.375, 8.40625 ], "texture": "#voxels_atlas" },
                "north": { "uv": [ 2.84375, 8.375, 2.3125, 8.40625 ], "texture": "#voxels_atlas" },
                "south": { "uv": [ 2.3125, 8.34375, 2.84375, 8.375 ], "texture": "#voxels_atlas" },
                "west": { "uv": [ 3.375, 9.1875, 4.34375, 9.21875 ], "texture": "#voxels_atlas" },
                "east": { "uv": [ 4.34375, 9.21875, 3.375, 9.25 ], "texture": "#voxels_atlas" }
            }
        },
        {
            "__comment": "Voxels",
            "from": [ 11.375, 1.375, 2 ],
            "to": [ 11.75, 1.5, 12.875 ],
            "faces": {
                "down": { "uv": [ 9.6875, 10.46875, 9.78125, 13.1875 ], "texture": "#voxels_atlas" },
                "up": { "uv": [ 9.1875, 11.6875, 9.28125, 8.96875 ], "texture": "#voxels_atlas" },
                "north": { "uv": [ 1.125, 9.09375, 1.03125, 9.125 ], "texture": "#voxels_atlas" },
                "south": { "uv": [ 0.84375, 9.0625, 0.9375, 9.09375 ], "texture": "#voxels_atlas" },
                "west": { "uv": [ 13.25, 15.125, 15.96875, 15.15625 ], "texture": "#voxels_atlas" },
                "east": { "uv": [ 15.96875, 15.15625, 13.25, 15.1875 ], "texture": "#voxels_atlas" }
            }
        }
    ],
    "display": {
        "thirdperson_righthand": {
            "rotation":  [ 75, 45, 0 ],
            "translation":  [ -1, 0.5, 3 ],
            "scale":  [ 0.375, 0.375, 0.375 ]
        },
        "firstperson_righthand": {
            "rotation":  [ 0, 45, 0 ],
            "translation":  [ -1.391, 4.1739, 0 ],
            "scale":  [ 0.4, 0.4, 0.4 ]
        },
        "gui": {
            "rotation":  [ 30, 225, 0 ],
            "translation":  [ 1.3912, 7.6507, 0 ]
        },
        "ground": {
            "translation":  [ 0, 3, 0 ],
            "scale":  [ 1, 1, 1 ]
        },
        "fixed": {
            "rotation":  [ -90, 75, 90 ],
            "translation":  [ -1.5, 6, 2 ]
        }
    }
}