{
    "__comment": "Model generated using MrCrayfish's Model Creator (http://mrcrayfish.com/modelcreator/)",
    "textures": {
        "0": "blocks/med_stimpack",
        "1": "blocks/med",
        "2": "blocks/meda",
        "3": "blocks/gauge",
        "4": "blocks/wireflip",
        "5": "blocks/wire"
    },
    "elements": [
        {
            "name": "needle1",
            "from": [ 8.000000014901161, 0.0, 8.0 ], 
            "to": [ 8.100000001490116, 3.0, 8.099999986588955 ], 
            "faces": {
                "north": { "texture": "#0", "uv": [ 0.0, 13.0, 0.899999986588955, 13.0 ] },
                "east": { "texture": "#0", "uv": [ 0.0, 13.0, 0.899999986588955, 13.0 ] },
                "south": { "texture": "#0", "uv": [ 2.7755575615628914E-17, 13.0, 0.8999999865889549, 13.0 ] },
                "west": { "texture": "#0", "uv": [ 0.0, 13.0, 0.899999986588955, 13.0 ] },
                "up": { "texture": "#0", "uv": [ 0.0, 0.0, 0.09999998658895493, 0.09999998658895493 ] },
                "down": { "texture": "#0", "uv": [ 0.0, 13.0, 0.899999986588955, 12.999999986588955 ] }
            }
        },
        {
            "name": "needle2",
            "from": [ 7.899999998509884, 3.0, 7.899999998509884 ], 
            "to": [ 8.199999988079071, 3.3999999910593033, 8.199999988079071 ], 
            "faces": {
                "north": { "texture": "#0", "uv": [ 0.0, 13.0, 0.8999999895691871, 12.999999991059305 ] },
                "east": { "texture": "#0", "uv": [ 0.0, 13.0, 0.8999999895691871, 12.999999991059305 ] },
                "south": { "texture": "#0", "uv": [ 0.0, 13.0, 0.8999999895691871, 12.999999991059305 ] },
                "west": { "texture": "#0", "uv": [ 0.0, 13.0, 0.8999999895691871, 12.999999991059303 ] },
                "up": { "texture": "#0", "uv": [ 0.0, 0.0, 0.29999998956918716, 0.29999998956918716 ] },
                "down": { "texture": "#0", "uv": [ 0.0, 13.0, 0.9999999895691865, 12.999999989569188 ] }
            }
        },
        {
            "name": "needle3",
            "from": [ 7.699999995529652, 3.3999999910593033, 7.699999995529652 ], 
            "to": [ 8.399999991059303, 3.5999999791383743, 8.399999991059303 ], 
            "faces": {
                "north": { "texture": "#0", "uv": [ 0.0, 13.0, 0.8999999955296512, 12.999999988079072 ] },
                "east": { "texture": "#0", "uv": [ 0.0, 13.0, 0.8999999955296517, 15.199999988079071 ] },
                "south": { "texture": "#0", "uv": [ 0.0, 15.0, 0.6999999955296516, 15.199999988079071 ] },
                "west": { "texture": "#0", "uv": [ 0.0, 15.0, 0.6999999955296516, 15.199999988079071 ] },
                "up": { "texture": "#0", "uv": [ 0.0, 0.0, 0.6999999955296516, 0.6999999955296516 ] },
                "down": { "texture": "#0", "uv": [ 0.0, 15.0, 0.6999999955296516, 15.699999995529652 ] }
            }
        },
        {
            "name": "container",
            "from": [ 7.600000008940697, 3.6000000089406967, 7.600000008940697 ], 
            "to": [ 8.50000000745058, 8.100000016391277, 8.50000000745058 ], 
            "faces": {
                "north": { "texture": "#1", "uv": [ 1.0, 6.0, 3.9999999985098835, 16.00000000745058 ] },
                "east": { "texture": "#1", "uv": [ 4.0, 6.0, 4.899999998509884, 16.00000000745058 ] },
                "south": { "texture": "#1", "uv": [ 3.9999999999999996, 6.0, 6.899999998509885, 16.00000000745058 ] },
                "west": { "texture": "#1", "uv": [ 4.0, 6.0, 6.899999998509884, 16.00000000745058 ] },
                "up": { "texture": "#1", "uv": [ 0.0, 13.0, 0.8999999985098839, 12.999999998509884 ] },
                "down": { "texture": "#1", "uv": [ 2.7755575615628914E-17, 12.999999999999996, 0.8999999985098839, 12.999999998509884 ] }
            }
        },
        {
            "name": "handle",
            "from": [ 7.699999995529652, 8.100000001490116, 7.699999995529652 ], 
            "to": [ 8.399999991059303, 10.300000001490115, 8.399999991059303 ], 
            "faces": {
                "north": { "texture": "#2", "uv": [ 7.0, 6.0, 9.999999995529654, 15.999999999999996 ] },
                "east": { "texture": "#2", "uv": [ 7.0, 6.0, 9.99999999552965, 15.999999999999998 ], "rotation": 180 },
                "south": { "texture": "#2", "uv": [ 7.0, 6.0, 10.0, 15.999999999999996 ] },
                "west": { "texture": "#2", "uv": [ 7.0, 6.0, 9.99999999552965, 15.999999999999984 ], "rotation": 180 },
                "up": { "texture": "#2", "uv": [ 0.0, 0.0, 0.6999999955296516, 0.6999999955296516 ] },
                "down": { "texture": "#2", "uv": [ 0.0, 0.0, 0.6999999955296516, 0.6999999955296516 ] }
            }
        },
        {
            "name": "bar",
            "from": [ 6.200000002980232, 8.50000000745058, 8.0 ], 
            "to": [ 9.899999998509884, 9.0, 8.099999986588955 ], 
            "faces": {
                "north": { "texture": "#2", "uv": [ 7.0, 6.0, 9.99999999552965, 15.999999992549418 ], "rotation": 90 },
                "east": { "texture": "#2", "uv": [ 0.0, 0.0, 0.09999998658895493, 0.4999999925494194 ] },
                "south": { "texture": "#2", "uv": [ 7.0, 6.0, 9.999999995529654, 15.99999999254942 ], "rotation": 270 },
                "west": { "texture": "#2", "uv": [ 0.0, 0.0, 0.09999998658895493, 0.4999999925494194 ] },
                "up": { "texture": "#2", "uv": [ 7.0, 6.0, 9.99999999552965, 15.999999986588955 ], "rotation": 90 },
                "down": { "texture": "#2", "uv": [ 7.0, 7.0, 9.999999995529654, 15.999999986588955 ], "rotation": 270 }
            }
        },
        {
            "name": "conductor1a",
            "from": [ 5.799999997019768, 8.100000001490116, 8.0 ], 
            "to": [ 6.199999988079071, 9.399999991059303, 8.099999986588955 ], 
            "faces": {
                "north": { "texture": "#1", "uv": [ 5.0, 6.0, 6.8999999910593015, 7.999999989569188 ] },
                "east": { "texture": "#1", "uv": [ 5.0, 6.0, 6.899999986588952, 7.999999989569185 ] },
                "south": { "texture": "#1", "uv": [ 5.0, 6.0, 6.8999999910593015, 7.999999989569185 ] },
                "west": { "texture": "#1", "uv": [ 5.0, 6.0, 6.899999986588952, 7.999999989569192 ] },
                "up": { "texture": "#1", "uv": [ 5.0, 6.0, 6.8999999910593015, 7.999999986588955 ] },
                "down": { "texture": "#1", "uv": [ 5.0, 6.0, 6.899999991059305, 7.999999986588955 ] }
            }
        },
        {
            "name": "conductor1b",
            "from": [ 5.5999999940395355, 8.500000022351742, 8.0 ], 
            "to": [ 5.799999982118607, 9.000000014901161, 8.099999986588955 ], 
            "faces": {
                "north": { "texture": "#1", "uv": [ 5.0, 6.0, 4.099999988079071, 7.999999992549421 ] },
                "east": { "texture": "#1", "uv": [ 0.0, 0.0, 0.09999998658895493, 0.4999999925494194 ] },
                "south": { "texture": "#1", "uv": [ 5.0, 6.0, 4.999999988079072, 5.999999992549421 ] },
                "west": { "texture": "#1", "uv": [ 4.0, 5.999999999999997, 5.099999986588955, 7.999999992549421 ] },
                "up": { "texture": "#1", "uv": [ 5.0, 6.0, 4.199999988079071, 7.999999986588955 ] },
                "down": { "texture": "#1", "uv": [ 5.0, 6.0, 4.199999988079071, 7.999999986588955 ] }
            }
        },
        {
            "name": "conductor2a",
            "from": [ 9.899999983608723, 8.100000001490116, 8.0 ], 
            "to": [ 10.299999974668026, 9.399999991059303, 8.099999986588955 ], 
            "faces": {
                "north": { "texture": "#1", "uv": [ 5.0, 6.0, 6.8999999910593, 7.999999989569185 ] },
                "east": { "texture": "#1", "uv": [ 5.0, 6.0, 6.899999986588952, 7.999999989569185 ] },
                "south": { "texture": "#1", "uv": [ 5.0, 6.0, 6.8999999910593015, 7.999999989569185 ] },
                "west": { "texture": "#1", "uv": [ 5.0, 6.0, 6.899999986588956, 7.999999989569188 ] },
                "up": { "texture": "#1", "uv": [ 5.0, 6.0, 6.399999991059303, 8.099999986588955 ] },
                "down": { "texture": "#1", "uv": [ 5.0, 6.0, 6.8999999910593015, 8.099999986588955 ] }
            }
        },
        {
            "name": "conductor2b",
            "from": [ 10.299999989569187, 8.500000022351742, 8.0 ], 
            "to": [ 10.499999977648258, 9.000000014901161, 8.099999986588955 ], 
            "faces": {
                "north": { "texture": "#1", "uv": [ 5.0, 6.0, 4.199999988079071, 7.8999999925494215 ] },
                "east": { "texture": "#1", "uv": [ 5.0, 6.0, 5.999999986588955, 7.799999992549415 ] },
                "south": { "texture": "#1", "uv": [ 5.0, 6.0, 4.199999988079071, 7.899999992549418 ] },
                "west": { "texture": "#1", "uv": [ 5.0, 6.0, 3.899999986588952, 6.899999992549418 ] },
                "up": { "texture": "#1", "uv": [ 5.0, 6.0, 3.199999988079071, 6.099999986588955 ] },
                "down": { "texture": "#1", "uv": [ 5.0, 6.0, 3.199999988079071, 6.099999986588955 ] }
            }
        },
        {
            "name": "gauge",
            "from": [ 7.200000002980232, 10.49999999254942, 7.5999999940395355 ], 
            "to": [ 8.899999998509884, 12.199999988079071, 8.49999999254942 ], 
            "faces": {
                "north": { "texture": "#3", "uv": [ 0.0, 0.0, 16.000000001490115, 16.000000001490115 ] },
                "east": { "texture": "#-1", "uv": [ 0.0, 0.0, 1.8999999985098839, 6.100000001490116 ] },
                "south": { "texture": "#-1", "uv": [ 0.0, 0.0, 2.100000001490116, 2.100000001490116 ] },
                "west": { "texture": "#-1", "uv": [ 0.0, 0.0, 0.8999999985098839, 2.100000001490116 ] },
                "up": { "texture": "#-1", "uv": [ 0.0, 0.0, 2.100000001490116, 0.8999999985098839 ] },
                "down": { "texture": "#-1", "uv": [ 0.0, 0.0, 2.100000001490116, 0.8999999985098839 ] }
            }
        },
        {
            "name": "wire1",
            "from": [ 9.100000016391277, 9.399999976158142, 8.0 ], 
            "to": [ 10.299999989569187, 11.999999940395355, 8.0 ], 
            "faces": {
                "north": { "texture": "#4", "uv": [ 0.0, 0.0, 15.999999973177907, 15.999999964237212 ] },
                "east": { "texture": "#-1", "uv": [ 0.0, 0.0, 0.0, 2.599999964237213 ] },
                "south": { "texture": "#5", "uv": [ 0.0, 0.0, 15.99999997317791, 15.999999964237213 ] },
                "west": { "texture": "#-1", "uv": [ 0.0, 0.0, 0.0, 2.599999964237213 ] },
                "up": { "texture": "#-1", "uv": [ 0.0, 0.0, 1.1999999731779099, 0.0 ] },
                "down": { "texture": "#-1", "uv": [ 0.0, 0.0, 1.1999999731779099, 0.0 ] }
            }
        },
        {
            "name": "wire2",
            "from": [ 5.799999997019768, 9.399999991059303, 8.0 ], 
            "to": [ 7.0, 12.0, 8.0 ], 
            "faces": {
                "north": { "texture": "#5", "uv": [ 0.0, 0.0, 16.000000002980233, 16.000000008940695 ] },
                "east": { "texture": "#2", "uv": [ 0.0, 0.0, 0.0, 2.6000000089406967 ] },
                "south": { "texture": "#4", "uv": [ 0.0, 0.0, 16.000000002980233, 16.000000008940695 ] },
                "west": { "texture": "#2", "uv": [ 0.0, 0.0, 0.0, 2.6000000089406967 ] },
                "up": { "texture": "#2", "uv": [ 0.0, 0.0, 1.2000000029802322, 0.0 ] },
                "down": { "texture": "#2", "uv": [ 0.0, 0.0, 1.2000000029802322, 0.0 ] }
            }
        },
        {
            "name": "side1",
            "from": [ 8.899999998509884, 10.300000004470348, 7.500000007450581 ], 
            "to": [ 9.099999986588955, 12.400000005960464, 8.50000000745058 ], 
            "faces": {
                "north": { "texture": "#2", "uv": [ 8.0, 10.1, 8.099999986588955, 11.100000001490116 ] },
                "east": { "texture": "#2", "uv": [ 0.0, 0.0, 0.09999998658895493, 2.100000001490116 ] },
                "south": { "texture": "#2", "uv": [ 0.0, 0.0, 0.09999998658895493, 2.100000001490116 ] },
                "west": { "texture": "#2", "uv": [ 7.0, 12.0, 7.099999986588955, 14.100000001490116 ] },
                "up": { "texture": "#2", "uv": [ 0.0, 0.0, 0.09999998658895493, 0.09999998658895493 ] },
                "down": { "texture": "#2", "uv": [ 0.0, 0.0, 0.09999998658895493, 0.09999998658895493 ] }
            }
        },
        {
            "name": "side2",
            "from": [ 6.999999970197678, 10.300000004470348, 7.500000007450581 ], 
            "to": [ 7.199999958276749, 12.400000005960464, 8.50000000745058 ], 
            "faces": {
                "north": { "texture": "#2", "uv": [ 9.0, 8.000000000000004, 9.099999986588955, 12.000000001490116 ] },
                "east": { "texture": "#2", "uv": [ 0.0, 0.0, 0.09999998658895493, 2.100000001490116 ] },
                "south": { "texture": "#2", "uv": [ 0.0, 0.0, 0.09999998658895493, 2.100000001490116 ] },
                "west": { "texture": "#2", "uv": [ 0.0, 0.0, 0.09999998658895493, 2.100000001490116 ] },
                "up": { "texture": "#2", "uv": [ 0.0, 0.0, 0.09999998658895493, 0.09999998658895493 ] },
                "down": { "texture": "#2", "uv": [ 0.0, 0.0, 0.09999998658895493, 0.09999998658895493 ] }
            }
        },
        {
            "name": "side3",
            "from": [ 7.200000002980232, 12.200000002980232, 7.500000007450581 ], 
            "to": [ 8.900000013411045, 12.399999991059303, 8.50000000745058 ], 
            "faces": {
                "north": { "texture": "#2", "uv": [ 7.0, 10.0, 8.700000010430813, 10.199999988079071 ] },
                "east": { "texture": "#2", "uv": [ 0.0, 0.0, 1.0, 0.19999998807907104 ] },
                "south": { "texture": "#2", "uv": [ 0.0, 0.0, 1.7000000104308128, 0.19999998807907104 ] },
                "west": { "texture": "#2", "uv": [ 0.0, 0.0, 1.0, 0.19999998807907104 ] },
                "up": { "texture": "#2", "uv": [ 0.0, 0.0, 1.7000000104308128, 1.0 ] },
                "down": { "texture": "#2", "uv": [ 0.0, 0.0, 1.7000000104308128, 1.0 ] }
            }
        },
        {
            "name": "side4",
            "from": [ 7.200000002980232, 10.300000004470348, 7.500000007450581 ], 
            "to": [ 8.900000013411045, 10.49999999254942, 8.50000000745058 ], 
            "faces": {
                "north": { "texture": "#2", "uv": [ 7.0, 6.0, 8.700000010430813, 6.199999988079071 ] },
                "east": { "texture": "#2", "uv": [ 0.0, 0.0, 1.0, 0.19999998807907104 ] },
                "south": { "texture": "#2", "uv": [ 0.0, 0.0, 1.7000000104308128, 0.19999998807907104 ] },
                "west": { "texture": "#2", "uv": [ 0.0, 0.0, 1.0, 0.19999998807907104 ] },
                "up": { "texture": "#2", "uv": [ 8.0, 14.0, 9.700000010430813, 15.0 ] },
                "down": { "texture": "#2", "uv": [ 0.0, 3.0, 1.7000000104308128, 4.0 ] }
            }
        }
    ]
}